President,avg_AoA,biggest_words,biggest_words_definitions,smallest_words,smallest_words_definitions,biggest_sentence,biggest_sentence_rating,biggest_sentence_before,biggest_sentence_after,smallest_sentence,smallest_sentence_rating,smallest_sentence_before,smallest_sentence_after
Richard Nixon,7.122860916860920,"['impotence', 'bipartisan', 'inflationary', 'outmoded', 'pragmatic']","['the quality of lacking strength or power; being weak and feeble', 'supported by both sides', 'associated with or tending to cause increases in inflation', 'make unfashionable, outdated, or obsolete', 'an imperial decree that becomes part of the fundamental law of the land']","['water', 'count', 'mother', 'hand', 'bad']","['binary compound that occurs at room temperature as a clear colorless odorless tasteless liquid; freezes into ice below 0 degrees centigrade and boils above 100 degrees centigrade; widely used as a solvent', 'the total number counted', 'a woman who has given birth to a child (also used as a term of address to your mother)', 'the (prehensile) extremity of the superior limb', 'that which is below standard or expectations as of ethics or decency']","The Federal Government will still have a large and vital role to play in
achieving our national progress.",7.591000000000000,"Neither the President nor the Congress nor the
conscience of this Nation can permit money which comes from all the people
to be used in a way which discriminates against some of the people.","Established functions that are clearly and
essentially Federal in nature will still be performed by the Federal
Government.",Never has it mattered more that we go forward together.,3.37,"Let us see that the path we are traveling is wide, with room in it for all
of us, and that its direction is toward a better Nation and a more peaceful
world.",Look at this Chamber.
Rutherford B. Hayes,8.135259165613150,"['indemnity', 'amalgamation', 'arrears', 'assiduity', 'efficacious']","['protection against future loss', 'the combination of two or more commercial companies', 'the state of being behind in payments', 'great and constant diligence and attention', 'marked by qualities giving the power to produce an intended effect; -Aldous Huxley']","['water', 'happy', 'hand', 'ask', 'see']","['binary compound that occurs at room temperature as a clear colorless odorless tasteless liquid; freezes into ice below 0 degrees centigrade and boils above 100 degrees centigrade; widely used as a solvent', 'enjoying or showing or marked by joy or pleasure', 'the (prehensile) extremity of the superior limb', 'inquire about', ""the seat within a bishop's diocese where his cathedral is located""]","Wherever general
education is found, peace, virtue, and social order prevail and civil and
religious liberty are secure.",8.69090909090909,"Whatever Government can fairly do
to promote free popular education ought to be done.","In my former annual messages I have asked the attention of Congress to the
urgent necessity of a reformation of the civil-service system of the
Government.","The States of Louisiana, Mississippi, and Tennessee have suffered
severely.",3.72,"It was rapidly spread by fugitives
from the infected cities and towns, and did not disappear until early in
November.","About 100,000 cases are believed to have occurred, of which about
20,000, according to intelligent estimates, proved fatal."
James Monroe,7.9295965517241400,"['indemnity', 'stipend', 'commissariat', 'rapacity', 'sanguine']","['protection against future loss', 'a sum of money allotted on a regular basis; usually for some specific purpose', 'a stock or supply of foods', 'extreme gluttony', 'a blood-red color']","['happy', 'hand', 'ask', 'door', 'see']","['enjoying or showing or marked by joy or pleasure', 'the (prehensile) extremity of the superior limb', 'inquire about', 'a swinging or sliding barrier that will close the entrance to a room or building or vehicle', ""the seat within a bishop's diocese where his cathedral is located""]","Incapable of exercising local authority except for general purposes, the
General Government will no longer be dreaded.",8.392222222222220,"The impracticability of one consolidated Government for this great and
growing nation will be more apparent and will be universally admitted.","In those cases of a local
nature and for all the great purposes for which it was instituted its
authority will be cherished.","With the Barbary States and the Indian tribes our pacific relations have
been preserved.",3.72,"A strong hope is
entertained that, by adhering to the maxims of a just, a candid, and
friendly policy, we may long preserve amicable relations with all the
powers of Europe on conditions advantageous and honorable to our country.","In calling your attention to the internal concerns of our country the view
which they exhibit is peculiarly gratifying."
Calvin Coolidge,7.960240482123200,"['repudiate', 'palliative', 'panacea', 'adjudication', 'preponderance']","['cast off', 'remedy that alleviates pain without curing', '(Greek mythology) the goddess of healing; daughter of Aesculapius and sister of Hygeia', 'the final judgment in a legal proceeding; the act of pronouncing judgment based on the evidence presented', 'superiority in power or influence']","['water', 'shoe', 'hand', 'bad', 'stop']","['binary compound that occurs at room temperature as a clear colorless odorless tasteless liquid; freezes into ice below 0 degrees centigrade and boils above 100 degrees centigrade; widely used as a solvent', 'footwear shaped to fit the foot (below the ankle) with a flexible upper of leather or plastic and a sole and heel of heavier material', 'the (prehensile) extremity of the superior limb', 'that which is below standard or expectations as of ethics or decency', 'the event of something ending']","Revision of procedure of the Federal Trade Commission will give more
constructive purpose to this department.",9.403,"Legislation and regulations establishing load liner, to provide safe
loading of vessels leaving our ports are necessary and recodification of
our navigation laws is vital.","If our Alaskan fisheries are to be saved from destruction, there must be
further legislation declaring a general policy and delegating the authority
to make rules and regulations to an administrative body.","Three-quarters of our people are now served
by these routes.",3.52,"Provision has been made for lighting
4,000 miles more during the current fiscal year and equipping an equal
mileage with radio facilities.","With the rapid growth of air mail, express, and passenger
service, this new transportation medium is daily becoming a more important
factor in commerce."
Andrew Johnson,7.654973428448320,"['sagacity', 'rostrum', 'repudiate', 'indemnity', 'amalgamation']","['the mental ability to understand and discriminate between relations', 'a platform raised above the surrounding level to give prominence to the person on it', 'cast off', 'protection against future loss', 'the combination of two or more commercial companies']","['water', 'count', 'mother', 'happy', 'hand']","['binary compound that occurs at room temperature as a clear colorless odorless tasteless liquid; freezes into ice below 0 degrees centigrade and boils above 100 degrees centigrade; widely used as a solvent', 'the total number counted', 'a woman who has given birth to a child (also used as a term of address to your mother)', 'enjoying or showing or marked by joy or pleasure', 'the (prehensile) extremity of the superior limb']","The measures of retrenchment in
each bureau and branch of the service exhibit a diligent economy worthy
of commendation.",10.55,"The war estimates are reduced from $516,240,131 to
$33,814,461, which amount, in the opinion of the Department, is
adequate for a peace establishment.","Reference is also made in the report to the necessity
of providing for a uniform militia system and to the propriety of
making suitable provision for wounded and disabled officers and
soldiers.","No longer are we called
upon to get America moving.",3.17,"Most important of all, in this period, the United States has reemerged into
the fullness of its self-confidence and purpose.",We are moving.
Zachary Taylor,8.161355327686140,"['indemnity', 'inculcation', 'sedulous', 'plenipotentiary', 'requisite']","['protection against future loss', 'teaching or impressing upon the mind by frequent instruction or repetition', 'marked by care and persistent effort', 'a diplomat who is fully authorized to represent his or her government', 'anything indispensable']","['happy', 'hand', 'ask', 'house', 'small']","['enjoying or showing or marked by joy or pleasure', 'the (prehensile) extremity of the superior limb', 'inquire about', 'a dwelling that serves as living quarters for one or more families', 'the slender part of the back']","I recommend a revision of the existing tariff and its adjustment on a basis
which may augment the revenue.",10.468888888888900,"I recommend the observance of strict economy in the
appropriation and expenditure of public money.","I do not doubt the right or duty of Congress
to encourage domestic industry, which is the great source of national as
well as individual wealth and prosperity.",Such is the result of the labors of those who have gone before us.,5.970000000000000,"The predictions of evil prophets, who formerly pretended
to foretell the downfall of our institutions, are now remembered only to be
derided, and the United States of America at this moment present to the
world the most stable and permanent Government on earth.","Upon
Congress will eminently depend the future maintenance of our system of free
government and the transmission of it unimpaired to posterity."
Martin Van Buren,8.053105132578700,"['palliation', 'indemnity', 'sanguine', 'unalloyed', 'banditti']","['easing the severity of a pain or a disease without removing the cause', 'protection against future loss', 'a blood-red color', 'free from admixture', 'an armed thief who is (usually) a member of a band']","['water', 'count', 'happy', 'hand', 'eat']","['binary compound that occurs at room temperature as a clear colorless odorless tasteless liquid; freezes into ice below 0 degrees centigrade and boils above 100 degrees centigrade; widely used as a solvent', 'the total number counted', 'enjoying or showing or marked by joy or pleasure', 'the (prehensile) extremity of the superior limb', 'take in solid food']","This discretionary
power might be continued if Congress deem it desirable, whatever general
system be adopted.",8.862222222222220,"This plan is to some extent in accordance with the
practice of the Government and with the present arrangements of the
Treasury Department, which, except, perhaps, during the operation of the
late deposit act, has always been allowed, even during the existence of a
national bank, to make a temporary use of the State banks in particular
places for the safe-keeping of portions of the revenue.","So long as the connection is voluntary we need, perhaps,
anticipate few of those difficulties and little of that dependence on the
banks which must attend every such connection when compulsory in its nature
and when so arranged as to make the banks a fixed part of the machinery of
government.","These measures have been attended thus
far with the happiest results.",3.72,"Liberal prices were given and provisions inserted in all the treaties with
them for the application of the funds they received in exchange to such
purposes as were best calculated to promote their present welfare and
advance their future civilization.","It will be seen by referring to the report of the Commissioner of Indian
Affairs that the most sanguine expectations of the friends and promoters of
this system have been realized."
George Bush Sr.,7.143724130686000,"['rostrum', 'codify', 'tort', 'bipartisan', 'nanotechnology']","['a platform raised above the surrounding level to give prominence to the person on it', 'organize into a code or system, such as a body of law', '(law) any wrongdoing for which an action for damages may be brought', 'supported by both sides', 'the branch of engineering that deals with things smaller than 100 nanometers (especially with the manipulation of individual molecules)']","['mom', 'water', 'daddy', 'dad', 'mother']","['informal terms for a mother', 'binary compound that occurs at room temperature as a clear colorless odorless tasteless liquid; freezes into ice below 0 degrees centigrade and boils above 100 degrees centigrade; widely used as a solvent', 'an informal term for a father; probably derived from baby talk', 'an informal term for a father; probably derived from baby talk', 'a woman who has given birth to a child (also used as a term of address to your mother)']","We must extend American leadership in technology,
increase long-term investment, improve our educational system, and boost
productivity.",8.762727272727270,"We must take actions today that
will ensure a better tomorrow.","These are the keys to building a better future, and here are some
of my recommendations:

I propose almost $2.2 billion for the National Science Foundation to promote
basic research and keep us on track to double its budget by 1993.","And so tonight, I'm going to ask something of every one of you.",2.89,"And to them belongs this new world I've been speaking
about.","Now let me
start with my generation, with the grandparents out there."
Bill Clinton,6.844751298027000,"['arrears', 'bipartisan', 'nonproliferation', 'outmoded', 'globalization']","['the state of being behind in payments', 'supported by both sides', 'the prevention of something increasing or spreading (especially the prevention of an increase in the number of countries possessing nuclear weapons)', 'make unfashionable, outdated, or obsolete', 'growth to a global or worldwide scale']","['water', 'mother', 'happy', 'hand', 'bad']","['binary compound that occurs at room temperature as a clear colorless odorless tasteless liquid; freezes into ice below 0 degrees centigrade and boils above 100 degrees centigrade; widely used as a solvent', 'a woman who has given birth to a child (also used as a term of address to your mother)', 'enjoying or showing or marked by joy or pleasure', 'the (prehensile) extremity of the superior limb', 'that which is below standard or expectations as of ethics or decency']","We should double our bipartisan GEAR UP program to mentor 1.4 million
disadvantaged young people for college.",8.260000000000000,"And
again, to help build or modernize 6,000 schools, to get students out of
trailers and into high-tech classrooms.","And let's offer these students a
chance to take the same college test-prep courses wealthier students use to
boost their test scores.","Today, too many of those people are being left out.",3.52,"If we want it to stay that way, those who work and lift our nation must
have more of its benefits.","They're working harder
for less."
Andrew Jackson,7.987420294546040,"['obviate', 'emolument', 'indemnity', 'debenture', 'contravene']","['do away with', 'compensation received by virtue of holding an office or having employment (usually in the form of wages or fees)', 'protection against future loss', 'the ability of a customer to obtain goods or services before payment, based on the trust that payment will be made in the future', 'go against, as of rules and laws']","['count', 'mother', 'happy', 'hand', 'bad']","['the total number counted', 'a woman who has given birth to a child (also used as a term of address to your mother)', 'enjoying or showing or marked by joy or pleasure', 'the (prehensile) extremity of the superior limb', 'that which is below standard or expectations as of ethics or decency']","The want of this equitable distribution
can not fail to prove a prolific source of irritation among the States.",8.738888888888890,"That such improvements, on account of particular circumstances, may be
more advantageously and beneficially made in some States than in others
is doubtless true, but that they are of a character which should
prevent an equitable distribution of the funds amongst the several
States is not to be conceded.","We have it constantly before our eyes that professions of superior zeal
in the cause of internal improvement and a disposition to lavish the
public funds upon objects of this character are daily and earnestly put
forth by aspirants to power as constituting the highest claims to the
confidence of the people.",The Florida archives have not yet been selected and delivered.,3.72,"If
the present condition of the country permits the Government to make a
careful and enlarged examination of the true interests of these
important portions of its dominions, no doubt is entertained that their
future intercourse with the United States will be placed upon a more
just and liberal basis.","Recent
orders have been sent to the agent of the United States at Havana to
return with all that he can obtain, so that they may be in Washington
before the session of the Supreme Court, to be used in the legal
questions there pending to which the Government is a party."
Teddy Roosevelt,7.623286626187140,"['sagacity', 'obviate', 'remunerative', 'indemnity', 'guarantor']","['the mental ability to understand and discriminate between relations', 'do away with', 'for which money is paid', 'protection against future loss', 'one who provides a warrant or guarantee to another']","['water', 'shoe', 'count', 'mother', 'happy']","['binary compound that occurs at room temperature as a clear colorless odorless tasteless liquid; freezes into ice below 0 degrees centigrade and boils above 100 degrees centigrade; widely used as a solvent', 'footwear shaped to fit the foot (below the ankle) with a flexible upper of leather or plastic and a sole and heel of heavier material', 'the total number counted', 'a woman who has given birth to a child (also used as a term of address to your mother)', 'enjoying or showing or marked by joy or pleasure']","We would save useful mechanical invention, machine
production, industrial efficiency, modern means of communication, broad
education.",8.013076923076920,"The vicious and wasteful parts
of that society we could not save if we wished; they have chosen the way of
self-destruction.","We would save and encourage the slowly growing impulse among
consumers to enter the industrial market place equipped with sufficient
organization to insist upon fair prices and honest sales.","It spreads throughout, and while it is bad for everybody, it is worst
for those farthest down.",2.79,"Disaster to great business
enterprises can never have its effects limited to the men at the top.","The capitalist may be shorn of his luxuries;
but the wage-worker may be deprived of even bare necessities."
Ronald Reagan,7.277296213393020,"['bipartisan', 'inflationary', 'outmoded', 'ballistic', 'equity']","['supported by both sides', 'associated with or tending to cause increases in inflation', 'make unfashionable, outdated, or obsolete', 'relating to or characteristic of the motion of objects moving under their own momentum and the force of gravity', 'the difference between the market value of a property and the claims held against it']","['water', 'count', 'mother', 'happy', 'hand']","['binary compound that occurs at room temperature as a clear colorless odorless tasteless liquid; freezes into ice below 0 degrees centigrade and boils above 100 degrees centigrade; widely used as a solvent', 'the total number counted', 'a woman who has given birth to a child (also used as a term of address to your mother)', 'enjoying or showing or marked by joy or pleasure', 'the (prehensile) extremity of the superior limb']","A security shield can one day render
nuclear weapons obsolete and free mankind from the prison of nuclear
terror.",8.262500000000000,"And the same technology transforming our lives can solve the
greatest problem of the 20th century.",America met one historic challenge and went to the Moon.,"But that's
only a little more than half of what we sought.",3.95,"Federal spending growth has been cut from 17.4 percent in
1980 to less than half of that today, and we have already achieved over
$300 billion in budget savings for the period of 1982 to '86.","Government is still
spending too large a percentage of the total economy."
Herbert Hoover,8.156790763430730,"['amortization', 'promulgate', 'inviolable', 'virility', 'remuneration']","['the reduction of the value of an asset by prorating its cost over a period of years', 'state or announce', 'incapable of being transgressed or dishonored', 'the masculine property of being capable of copulation and procreation', 'something that remunerates']","['water', 'hand', 'ask', 'door', 'see']","['binary compound that occurs at room temperature as a clear colorless odorless tasteless liquid; freezes into ice below 0 degrees centigrade and boils above 100 degrees centigrade; widely used as a solvent', 'the (prehensile) extremity of the superior limb', 'inquire about', 'a swinging or sliding barrier that will close the entrance to a room or building or vehicle', ""the seat within a bishop's diocese where his cathedral is located""]","Its diversion from proper use, its improper
use, or its insufficiency instantly brings hardship and dislocation in
economic life.",9.007000000000000,"The banking and financial system is presumed to serve in furnishing the
essential lubricant to the wheels of industry, agriculture, and
commerce, that is, credit.","As a system our banking has failed to meet this great
emergency.","Some other conditions in the
contracts had not worked out satisfactorily.",5.33,"These requirements come to a total of 12 vessels in the
10-year period, aggregating 122,000 tons.","That study has now been substantially completed and the committee has
advised the desirability and the necessity of securing much larger
undertakings as to service and new construction in future contracts."
George W. Bush,7.219216141349110,"['rostrum', 'codify', 'bipartisan', 'nanotechnology', 'refinance']","['a platform raised above the surrounding level to give prominence to the person on it', 'organize into a code or system, such as a body of law', 'supported by both sides', 'the branch of engineering that deals with things smaller than 100 nanometers (especially with the manipulation of individual molecules)', 'renew the financing of']","['mom', 'water', 'daddy', 'dad', 'happy']","['informal terms for a mother', 'binary compound that occurs at room temperature as a clear colorless odorless tasteless liquid; freezes into ice below 0 degrees centigrade and boils above 100 degrees centigrade; widely used as a solvent', 'an informal term for a father; probably derived from baby talk', 'an informal term for a father; probably derived from baby talk', 'enjoying or showing or marked by joy or pleasure']","Second: I propose to make permanent the research and development tax credit, to
encourage bolder private-sector investment in technology.",8.216363636363640,"This funding
will support the work of America's most creative minds as they explore promising
areas such as nanotechnology, supercomputing, and alternative energy sources.","With more research in
both the public and private sectors, we will improve our quality of life and
ensure that America will lead the world in opportunity and innovation for
decades to come.","All told, more than 3,000 suspected terrorists have been
arrested in many countries.",3.72,"Cole, an Al Qaida
operations chief from Southeast Asia, a former director of Al Qaida's training
camps in Afghanistan, a key Al Qaida operative in Europe, a major Al Qaida
leader in Yemen.",Many others have met a different fate.
Jimmy Carter,7.986420089064820,"['promulgate', 'intransigence', 'biomass', 'bipartisan', 'inflationary']","['state or announce', 'the trait of being intransigent; stubbornly refusing to compromise', 'plant materials and animal waste used as fuel', 'supported by both sides', 'associated with or tending to cause increases in inflation']","['water', 'happy', 'hand', 'eat', 'birthday']","['binary compound that occurs at room temperature as a clear colorless odorless tasteless liquid; freezes into ice below 0 degrees centigrade and boils above 100 degrees centigrade; widely used as a solvent', 'enjoying or showing or marked by joy or pleasure', 'the (prehensile) extremity of the superior limb', 'take in solid food', 'an anniversary of the day on which a person was born (or the celebration of it)']","Meeting this challenge will take national will, diplomatic and political
wisdom, economic sacrifice, and, of course, military capability.",8.496153846153850,"And it demands consultation and close cooperation with countries in the
area which might be threatened.","We must
call on the best that is in us to preserve the security of this crucial
region.","But I say again that
America's best is still ahead.",3.42,It has been said that our best years are behind us.,"We have emerged from bitter experiences
chastened but proud, confident once again, ready to face challenges once
again, and united once again."
Franklin D. Roosevelt,7.410962452007550,"['remunerative', 'guarantor', 'preferment', 'adjudication', 'necessitous']","['for which money is paid', 'one who provides a warrant or guarantee to another', 'the act of preferring', 'the final judgment in a legal proceeding; the act of pronouncing judgment based on the evidence presented', 'poor enough to need help from others']","['water', 'shoe', 'count', 'happy', 'hand']","['binary compound that occurs at room temperature as a clear colorless odorless tasteless liquid; freezes into ice below 0 degrees centigrade and boils above 100 degrees centigrade; widely used as a solvent', 'footwear shaped to fit the foot (below the ankle) with a flexible upper of leather or plastic and a sole and heel of heavier material', 'the total number counted', 'enjoying or showing or marked by joy or pleasure', 'the (prehensile) extremity of the superior limb']","We would save useful mechanical invention, machine
production, industrial efficiency, modern means of communication, broad
education.",8.013076923076920,"The vicious and wasteful parts
of that society we could not save if we wished; they have chosen the way of
self-destruction.","We would save and encourage the slowly growing impulse among
consumers to enter the industrial market place equipped with sufficient
organization to insist upon fair prices and honest sales.","And today's best is not good enough for
tomorrow.",3.55,"Actual experience is improving and speeding up our methods of
production with every passing day.",I am not satisfied with the progress thus far made.
John F. Kennedy,7.615822376581490,"['bipartisan', 'diphtheria', 'inflationary', 'racketeering', 'subjugation']","['supported by both sides', 'acute contagious infection caused by the bacterium Corynebacterium diphtheriae; marked by the formation of a false membrane in the throat and other air passages causing difficulty in breathing', 'associated with or tending to cause increases in inflation', 'engaging in a racket', 'forced submission to control by others']","['water', 'count', 'hand', 'bad', 'stop']","['binary compound that occurs at room temperature as a clear colorless odorless tasteless liquid; freezes into ice below 0 degrees centigrade and boils above 100 degrees centigrade; widely used as a solvent', 'the total number counted', 'the (prehensile) extremity of the superior limb', 'that which is below standard or expectations as of ethics or decency', 'the event of something ending']","Government aid
can only supplement the role of private investment, trade expansion,
commodity stabilization, and, above all, internal self-improvement.",9.065000000000000,But free world development will still be an uphill struggle.,"The
processes of growth are gradual--bearing fruit in a decade, not a day.","Well over a million more men and women
are working today than were working 2 years ago.",6.47,"At home, the recession is behind us.","The average factory
work week is once again more than 40 hours; our industries are turning out
more goods than ever before; and more than half of the manufacturing
capacity that lay silent and wasted 100 weeks ago is humming with
activity."
Thomas Jefferson,7.79649890957893,"['arraignment', 'efficacious', 'adjudication', 'solicitude', 'tenure']","['a legal document calling someone to court to answer an indictment', 'marked by qualities giving the power to produce an intended effect; -Aldous Huxley', 'the final judgment in a legal proceeding; the act of pronouncing judgment based on the evidence presented', 'a feeling of excessive concern', 'the term during which some position is held']","['water', 'count', 'happy', 'hand', 'ask']","['binary compound that occurs at room temperature as a clear colorless odorless tasteless liquid; freezes into ice below 0 degrees centigrade and boils above 100 degrees centigrade; widely used as a solvent', 'the total number counted', 'enjoying or showing or marked by joy or pleasure', 'the (prehensile) extremity of the superior limb', 'inquire about']","They will maintain the public interests while a more permanent force shall
be in course of preparation.",7.81875,"A steady, perhaps a quickened, pace in preparation for the defense
of our sea port towns and waters; an early settlement of the most exposed
and vulnerable parts of our country; a militia so organized that its
effective portions can be called to any point in the Union, or volunteers
instead of them to serve a sufficient time, are means which may always be
ready, yet never preying on our resources until actually called into use.","But much will depend on the promptitude with
which these means can be brought into activity.","Propositions for
adjusting amicably the boundaries of Louisiana have not been acceded to.",3.72,"On the Mobile, our commerce passing through that river continues to
be obstructed by arbitrary duties and vexatious searches.","While, however, the right is unsettled, we have avoided changing the state
of things by taking new posts or strengthening ourselves in the disputed
territories, in the hope that the other power would not by a contrary
conduct oblige us to meet their example and endanger conflicts of authority,
the issue of which may not be easily controlled."
Millard Fillmore,7.9782902428057500,"['condign', 'indemnity', 'peremptory', 'disembarkation', 'arbiter']","['fitting or appropriate and deserved; used especially of punishment', 'protection against future loss', 'offensively self-assured or given to exercising usually unwarranted power', 'the act of passengers and crew getting off of a ship or aircraft', 'someone with the power to settle matters at will']","['water', 'mother', 'happy', 'hand', 'ask']","['binary compound that occurs at room temperature as a clear colorless odorless tasteless liquid; freezes into ice below 0 degrees centigrade and boils above 100 degrees centigrade; widely used as a solvent', 'a woman who has given birth to a child (also used as a term of address to your mother)', 'enjoying or showing or marked by joy or pleasure', 'the (prehensile) extremity of the superior limb', 'inquire about']","You will consider whether further legislation
be necessary to prevent the perpetration of such offenses in future.",8.7775,"These originators of the invasion of Cuba seem to have
determined with coolness and system upon an undertaking which should
disgrace their country, violate its laws, and put to hazard the lives of
ill-informed and deluded men.","No individuals have a right to hazard the peace of the country or to
violate its laws upon vague notions of altering or reforming governments in
other states.","There were 1,698 post-offices established and 256
discontinued during the year.",5.24,"The whole number of post-offices in the United States on the 30th day of
June last was 19,796.","The gross revenues of the Department for the fiscal year, including the
appropriations for the franked matter of Congress, of the Departments, and
officers of Government, and excluding the foreign postages collected for
and payable to the British post-office, amounted to $6,727,866.78."
William Henry Harrison,7.903684786104860,"['obviate', 'remunerative', 'indemnity', 'adjudication', 'defalcation']","['do away with', 'for which money is paid', 'protection against future loss', 'the final judgment in a legal proceeding; the act of pronouncing judgment based on the evidence presented', 'the sum of money that is misappropriated']","['water', 'count', 'mother', 'happy', 'hand']","['binary compound that occurs at room temperature as a clear colorless odorless tasteless liquid; freezes into ice below 0 degrees centigrade and boils above 100 degrees centigrade; widely used as a solvent', 'the total number counted', 'a woman who has given birth to a child (also used as a term of address to your mother)', 'enjoying or showing or marked by joy or pleasure', 'the (prehensile) extremity of the superior limb']","Gratification
and amazement struggle for supremacy as we contemplate the population,
wealth, and moral strength of our country.",9.263,"The vista that
now opens to us is wider and more glorious than ever before.","A trust momentous in its
influence upon our people and upon the world is for a brief time committed
to us, and we must not be faithless to its first condition--the defense of
the free and equal influence of the people in the choice of public officers
and in the control of public affairs.",On the 16th day of April last I appointed Hon.,3.5,"The one
submitted to the Indians a specific proposition; the other (section 3 of
the Indian appropriation act) authorized the President to appoint three
commissioners to negotiate with these Indians for the accomplishment of the
same general purpose, and required that any agreements made should be
submitted to Congress for ratification.","Charles Foster, of Ohio,
Hon."
Gerald Ford,7.573696603459050,"['bipartisan', 'inflationary', 'ballistic', 'inequitable', 'immutable']","['supported by both sides', 'associated with or tending to cause increases in inflation', 'relating to or characteristic of the motion of objects moving under their own momentum and the force of gravity', 'not equitable or fair', 'not subject or susceptible to change or variation in form or quality or nature']","['count', 'mother', 'happy', 'hand', 'bad']","['the total number counted', 'a woman who has given birth to a child (also used as a term of address to your mother)', 'enjoying or showing or marked by joy or pleasure', 'the (prehensile) extremity of the superior limb', 'that which is below standard or expectations as of ethics or decency']","A necessary condition of a healthy economy is freedom from the petty
tyranny of massive government regulation.",9.421000000000000,"But with lower
interest rates and available mortgage money, we can have a healthy recovery
in 1976.","We are wasting literally millions
of working hours costing billions of taxpayers' and consumers' dollars
because of bureaucratic redtape.","We came from many roots, and we have many branches.",3.72,But think for a minute how far we have come in 200 years.,"Yet all Americans
across the eight generations that separate us from the stirring deeds of
1776, those who know no other homeland and those who just found refuge
among our shores, say in unison:

I am proud of America, and I am proud to be an American."
George Washington,8.098029836609050,"['condign', 'obviate', 'deputation', 'licentious', 'circumspection']","['fitting or appropriate and deserved; used especially of punishment', 'do away with', 'a group of representatives or delegates', 'lacking moral discipline; especially sexually unrestrained', 'knowing how to avoid embarrassment or distress']","['count', 'happy', 'hand', 'stop', 'see']","['the total number counted', 'enjoying or showing or marked by joy or pleasure', 'the (prehensile) extremity of the superior limb', 'the event of something ending', ""the seat within a bishop's diocese where his cathedral is located""]","Ought our country to remain in such cases dependent on foreign supply,
precarious because liable to be interrupted?",9.153333333333330,"As a general rule, manufactures on public account are
inexpedient; but where the state of things in a country leaves little hope
that certain branches of manufacture will for a great length of time
obtain, when these are of a nature essential to the furnishing and
equipping of the public force in time of war, are not establishments for
procuring them on public account to the extent of the ordinary demand for
the public service recommended by strong considerations of national policy
as an exception to the general rule?","If the necessary article
should in this mode cost more in time of peace, will not the security and
independence thence arising form an ample compensation?","Measures are in
operation for effecting treaties with the Regencies of Tunis and Tripoli.",7.84,"The actual liberation of all our citizens who were prisoners in
Algiers, while it gratifies every feeling of heart, is itself an earnest of
a satisfactory termination of the whole negotiation.","To an active external commerce the protection of a naval force is
indispensable."
Warren G. Harding,8.100142819359960,"['remunerative', 'amelioration', 'requisite', 'prostrate', 'bulwark']","['for which money is paid', 'the act of relieving ills and changing for the better', 'anything indispensable', 'get into a prostrate position, as in submission', 'an embankment built around a space for defensive purposes']","['water', 'count', 'hand', 'big', 'ask']","['binary compound that occurs at room temperature as a clear colorless odorless tasteless liquid; freezes into ice below 0 degrees centigrade and boils above 100 degrees centigrade; widely used as a solvent', 'the total number counted', 'the (prehensile) extremity of the superior limb', 'above average in size or number or quantity or magnitude or extent', 'inquire about']","Contemplating the inevitable and desirable increase of population, there is
another phase of reclamation full worthy of consideration.",9.435555555555560,"These prospects seem to afford every justification of
Government advances in reclamation and irrigation.","There are
79,000,000 acres of swamp and cut-over lands which may be reclaimed and
made as valuable as any farm lands we possess.","These
have proven very helpful to the cooperating communities in Europe.",4.58,"Every proper
encouragement should be given to the cooperative marketing programs.","In
Russia the cooperative community has become the recognized bulwark of law
and order, and saved individualism from engulfment in social paralysis."
Ulysses S. Grant,7.943165137614680,"['sagacity', 'mikado', 'remunerative', 'indemnity', 'contravene']","['the mental ability to understand and discriminate between relations', 'the emperor of Japan; when regarded as a religious leader the emperor is called tenno', 'for which money is paid', 'protection against future loss', 'go against, as of rules and laws']","['water', 'count', 'mother', 'happy', 'hand']","['binary compound that occurs at room temperature as a clear colorless odorless tasteless liquid; freezes into ice below 0 degrees centigrade and boils above 100 degrees centigrade; widely used as a solvent', 'the total number counted', 'a woman who has given birth to a child (also used as a term of address to your mother)', 'enjoying or showing or marked by joy or pleasure', 'the (prehensile) extremity of the superior limb']","Our progress has been great in all the arts--in science,
agriculture, commerce, navigation, mining, mechanics, law, medicine, etc.",8.822,"Our liberties remain unimpaired; the bondmen have been freed from slavery;
we have become possessed of the respect, if not the friendship, of all
civilized nations.",";
and in general education the progress is likewise encouraging.","In two of
said counties, York and Spartanburg, many arrests have been made.",3.72,"Direction was given that within the counties so designated persons
supposed, upon creditable information, to be members of such unlawful
combinations should be arrested by the military forces of the United States
and delivered to the marshal, to be dealt with according to law.","At the
last account the number of persons thus arrested was 168."
John Adams,8.132741858919590,"['obviate', 'indemnity', 'licentious', 'exchequer', 'sanguine']","['do away with', 'protection against future loss', 'lacking moral discipline; especially sexually unrestrained', 'the funds of a government or institution or individual', 'a blood-red color']","['mother', 'happy', 'hand', 'bed', 'door']","['a woman who has given birth to a child (also used as a term of address to your mother)', 'enjoying or showing or marked by joy or pleasure', 'the (prehensile) extremity of the superior limb', 'a piece of furniture that provides a place to sleep', 'a swinging or sliding barrier that will close the entrance to a room or building or vehicle']","They have full power to conclude a treaty, subject to the constitutional
advice and consent of the Senate.",8.209,"The assurances which were required of the French Government previous to the
departure of our envoys have been given through their minister of foreign
relations, and I have directed them to proceed on their mission to Paris.","The characters of these gentlemen are
sure pledges to their country that nothing incompatible with its honor or
interest, nothing inconsistent with our obligations of good faith or
friendship to any other nation, will be stipulated.","During
those wars treaties with Great Britain and Spain had been effected, and
those with Prussia and France renewed.",5.05,"Before the wars of the French Revolution such treaties had been
consummated with the United Netherlands, Sweden, and Prussia.","In all these some concessions to
the liberal principles of intercourse proposed by the United States had
been obtained; but as in all the negotiations they came occasionally in
collision with previous internal regulations or exclusive and excluding
compacts of monopoly with which the other parties had been trammeled,
the advances made in them toward the freedom of trade were partial and
imperfect."
Abraham Lincoln,7.803927686973750,"['obviate', 'remunerative', 'sanguine', 'adjudication', 'pasha']","['do away with', 'for which money is paid', 'a blood-red color', 'the final judgment in a legal proceeding; the act of pronouncing judgment based on the evidence presented', 'a civil or military authority in Turkey or Egypt']","['water', 'hand', 'bad', 'ask', 'door']","['binary compound that occurs at room temperature as a clear colorless odorless tasteless liquid; freezes into ice below 0 degrees centigrade and boils above 100 degrees centigrade; widely used as a solvent', 'the (prehensile) extremity of the superior limb', 'that which is below standard or expectations as of ethics or decency', 'inquire about', 'a swinging or sliding barrier that will close the entrance to a room or building or vehicle']","A proposition is pending to revive the
convention, that it may be able to do more complete justice.",8.441000000000000,"The
commission under the convention with the Republic of New Granada closed
its session without having audited and passed upon all the claims which
were submitted to it.","The joint
commission between the United States and the Republic of Costa Rica has
completed its labors and submitted its report.","Only 12 of them were soldiers, of whom 7 have since died.",3.72,"At the
beginning of the year the number of Revolutionary pensioners was 1,430.","The remainder
are those who under the law receive pensions because of relationship to
Revolutionary soldiers."
William McKinley,8.178186328267800,"['obviate', 'inculpate', 'indemnity', 'deleterious', 'peremptory']","['do away with', 'suggest that someone is guilty', 'protection against future loss', 'harmful to living things', 'offensively self-assured or given to exercising usually unwarranted power']","['water', 'mother', 'happy', 'hand', 'stop']","['binary compound that occurs at room temperature as a clear colorless odorless tasteless liquid; freezes into ice below 0 degrees centigrade and boils above 100 degrees centigrade; widely used as a solvent', 'a woman who has given birth to a child (also used as a term of address to your mother)', 'enjoying or showing or marked by joy or pleasure', 'the (prehensile) extremity of the superior limb', 'the event of something ending']","Most desirable from every standpoint of national interest and patriotism is
the effort to extend our foreign commerce.",9.622222222222220,"It is believed that
by a careful exercise of the powers conferred by that Act some grievances
of our own and of other countries in our mutual trade relations may be
either removed, or largely alleviated, and that the volume of our
commercial exchanges may be enlarged, with advantage to both contracting
parties.","To this end our merchant marine
should be improved and enlarged.","We are doing
these things with the means at hand.",2.74,"We are maintaining the parity of all
the money issued or coined by authority of the Government.","Happily at the present time we are not
compelled to resort to loans to supply gold."
Donald Trump,6.989892134831460,"['meth', 'counterterrorism', 'bipartisan', 'hake', 'tenure']","['an amphetamine derivative (trade name Methedrine) used in the form of a crystalline hydrochloride; used as a stimulant to the nervous system and as an appetite suppressant', 'a strategy intended to prevent or counter terrorism', 'supported by both sides', 'the lean flesh of a fish similar to cod', 'the term during which some position is held']","['mom', 'water', 'daddy', 'dad', 'mother']","['informal terms for a mother', 'binary compound that occurs at room temperature as a clear colorless odorless tasteless liquid; freezes into ice below 0 degrees centigrade and boils above 100 degrees centigrade; widely used as a solvent', 'an informal term for a father; probably derived from baby talk', 'an informal term for a father; probably derived from baby talk', 'a woman who has given birth to a child (also used as a term of address to your mother)']","We must choose between greatness or gridlock, results or resistance, vision or vengeance, incredible progress or pointless destruction.",8.092727272727270,The decision is ours to make.,"Tonight, I ask you to choose greatness.","But in September 2016, on the eve of Nisa's 16th Birthday,
neither of them came home.",2.85,"Their two teenage
daughters -- Kayla Cuevas and Nisa Mickens -- were close friends on Long
Island.","These two precious girls were brutally
murdered while walking together in their hometown."
James Buchanan,7.944884209263260,"['indemnity', 'deleterious', 'banditti', 'intemperate', 'arbiter']","['protection against future loss', 'harmful to living things', 'an armed thief who is (usually) a member of a band', '(of weather or climate) not mild; subject to extremes', 'someone with the power to settle matters at will']","['water', 'happy', 'hand', 'bad', 'animal']","['binary compound that occurs at room temperature as a clear colorless odorless tasteless liquid; freezes into ice below 0 degrees centigrade and boils above 100 degrees centigrade; widely used as a solvent', 'enjoying or showing or marked by joy or pleasure', 'the (prehensile) extremity of the superior limb', 'that which is below standard or expectations as of ethics or decency', 'a living organism characterized by voluntary movement']","But if in the
midst of the existing excitement the Union shall perish, the evil may then
become irreparable.",8.615000000000000,"I firmly
believe that it has reached and passed the culminating point.","Congress can contribute much to avert it by proposing and recommending to
the legislatures of the several States the remedy for existing evils which
the Constitution has itself provided for its own preservation.","It exists independently of all
constitutions, and has been exercised at all periods of the world's
history.",6.42,"The
right of resistance on the part of the governed against the oppression of
their governments can not be denied.","Under it old governments have been destroyed and new ones have
taken their place."
Dwight D. Eisenhower,7.929512663755460,"['repudiate', 'purport', 'bipartisan', 'inflationary', 'delineation']","['cast off', 'the intended meaning of a communication', 'supported by both sides', 'associated with or tending to cause increases in inflation', 'a graphic or vivid verbal description']","['water', 'count', 'happy', 'hand', 'eat']","['binary compound that occurs at room temperature as a clear colorless odorless tasteless liquid; freezes into ice below 0 degrees centigrade and boils above 100 degrees centigrade; widely used as a solvent', 'the total number counted', 'enjoying or showing or marked by joy or pleasure', 'the (prehensile) extremity of the superior limb', 'take in solid food']","Because drought also remains a serious agricultural problem, I shall
recommend legislation to strengthen Federal disaster assistance programs.",9.038181818181820,"I shall later
submit recommendations designed to assure the steady alleviation of their
most pressing concerns.","This legislation will prescribe an improved appraisal of need, better
adjustment of the various programs to local conditions, and a more
equitable sharing of costs between the States and the Federal Government.","We are also reducing further our requests for new
appropriations.",4.72,"This will
reduce the spending level over the two fiscal years by more than
$12,000,000,000.","Second, despite the substantial loss of revenue in the coming fiscal year,
resulting from tax reductions now in effect and tax adjustments which I
shall propose, our reduced spending will move the new budget closer to a
balance."
Barack Obama,6.883248172902740,"['counterterrorism', 'bipartisan', 'nonproliferation', 'microcosm', 'refinance']","['a strategy intended to prevent or counter terrorism', 'supported by both sides', 'the prevention of something increasing or spreading (especially the prevention of an increase in the number of countries possessing nuclear weapons)', 'a miniature model of something', 'renew the financing of']","['mom', 'water', 'dad', 'count', 'mother']","['informal terms for a mother', 'binary compound that occurs at room temperature as a clear colorless odorless tasteless liquid; freezes into ice below 0 degrees centigrade and boils above 100 degrees centigrade; widely used as a solvent', 'an informal term for a father; probably derived from baby talk', 'the total number counted', 'a woman who has given birth to a child (also used as a term of address to your mother)']","Rules to prevent
financial fraud, or toxic dumping, or faulty medical devices, don't destroy
the free market.",7.991,"That's why we need
smart regulations to prevent irresponsible behavior.",They make the free market work better.,"It's not about helping banks -- it's about helping
people.",3.52,That's what this is about.,"Because when credit is available again, that young family can finally
buy a new home."
Grover Cleveland,6.883248172902740,"['obviate', 'geodetic', 'palliation', 'indemnity', 'deleterious']","['do away with', 'of or relating to or determined by geodesy', 'easing the severity of a pain or a disease without removing the cause', 'protection against future loss', 'harmful to living things']","['water', 'mother', 'happy', 'hand', 'cry']","['binary compound that occurs at room temperature as a clear colorless odorless tasteless liquid; freezes into ice below 0 degrees centigrade and boils above 100 degrees centigrade; widely used as a solvent', 'a woman who has given birth to a child (also used as a term of address to your mother)', 'enjoying or showing or marked by joy or pleasure', 'the (prehensile) extremity of the superior limb', 'a loud utterance; often in protest or opposition']","Its stability and proper remuneration furnish
the most justifiable pretext for a protective policy.",10.822500000000000,"We should also deal with the subject in
such manner as to protect the interests of American labor, which is the
capital of our workingmen.","Within these limitations a certain reduction should be made in our customs
revenue.","Lands in severalty
have been allotted to many of them.",3.72,"About 110,000 of these
Indians have to a large degree adopted civilized customs.","Such allotments have been made to 10,000
individuals during the last fiscal year, embracing about 1,000,000 acres."
Chester A. Arthur,8.349199563398220,"['obviate', 'indemnity', 'guarantor', 'unalloyed', 'preponderance']","['do away with', 'protection against future loss', 'one who provides a warrant or guarantee to another', 'free from admixture', 'superiority in power or influence']","['water', 'happy', 'hand', 'ask', 'stop']","['binary compound that occurs at room temperature as a clear colorless odorless tasteless liquid; freezes into ice below 0 degrees centigrade and boils above 100 degrees centigrade; widely used as a solvent', 'enjoying or showing or marked by joy or pleasure', 'the (prehensile) extremity of the superior limb', 'inquire about', 'the event of something ending']","They will disclose the readiness of our
countrymen to make successful competition in distant fields of enterprise.",8.98125,"The participation of Americans in the exhibitions at Melbourne and Sydney
will be approvingly mentioned in the reports of the two exhibitions, soon
to be presented to Congress.","Negotiations for an international copyright convention are in hopeful
progress.","Some of its awards, though made more than two years ago, have
not yet been paid.",3.72,"The commission appointed to decide certain claims of our citizens against
the Spanish Government, after the recognition of a satisfactory rule as to
the validity and force of naturalization in the United States, has finally
adjourned.",Their speedy payment is expected.
Lyndon B. Johnson,7.2087362809658200,"['rostrum', 'inflationary', 'nonproliferation', 'ennoble', 'surtax']","['a platform raised above the surrounding level to give prominence to the person on it', 'associated with or tending to cause increases in inflation', 'the prevention of something increasing or spreading (especially the prevention of an increase in the number of countries possessing nuclear weapons)', 'confer dignity or honor upon', 'an additional tax on certain kinds of income that has already been taxed']","['water', 'count', 'mother', 'happy', 'hand']","['binary compound that occurs at room temperature as a clear colorless odorless tasteless liquid; freezes into ice below 0 degrees centigrade and boils above 100 degrees centigrade; widely used as a solvent', 'the total number counted', 'a woman who has given birth to a child (also used as a term of address to your mother)', 'enjoying or showing or marked by joy or pleasure', 'the (prehensile) extremity of the superior limb']","We will work to strengthen economic cooperation, to reduce barriers to
trade, and to improve international finance.",8.661,"We will take new steps this year to help strengthen the Alliance for
Progress, the unity of Europe, the community of the Atlantic, the regional
organizations of developing continents, and that supreme association--the
United Nations.","From the Marshall plan to this very moment tonight, that policy has rested
on the claims of compassion, and the certain knowledge that only a people
advancing in expectation will build secure and peaceful lands.","No longer are we called
upon to get America moving.",3.17,"Most important of all, in this period, the United States has reemerged into
the fullness of its self-confidence and purpose.",We are moving.
Joe Biden,6.794732374100720,"['codify', 'bipartisan', 'inflationary', 'unionize', 'exorbitant']","['organize into a code or system, such as a body of law', 'supported by both sides', 'associated with or tending to cause increases in inflation', 'recruit for a union or organize into a union', 'greatly exceeding bounds of reason or moderation']","['mom', 'water', 'daddy', 'dad', 'count']","['informal terms for a mother', 'binary compound that occurs at room temperature as a clear colorless odorless tasteless liquid; freezes into ice below 0 degrees centigrade and boils above 100 degrees centigrade; widely used as a solvent', 'an informal term for a father; probably derived from baby talk', 'an informal term for a father; probably derived from baby talk', 'the total number counted']","Look, the Inflation Reduction Act is also the most significant investment ever to tackle the climate crisis.",9.008888888888890,"Lets finish the job, make those savings permanent, and expand coverage to those left off Medicaid.","Lowering utility bills, creating American jobs, and leading the world to a clean energy future.",Weve written a bill to stop all that.,2.89,Not anymore.,Its called the Junk Fee Prevention Act.
Harry Truman,7.647860155672480,"['amortization', 'arrears', 'comp', 'preponderance', 'bipartisan']","['the reduction of the value of an asset by prorating its cost over a period of years', 'the state of being behind in payments', ""an intensive examination testing a student's proficiency in some special field of knowledge"", 'superiority in power or influence', 'supported by both sides']","['water', 'happy', 'hand', 'cry', 'bad']","['binary compound that occurs at room temperature as a clear colorless odorless tasteless liquid; freezes into ice below 0 degrees centigrade and boils above 100 degrees centigrade; widely used as a solvent', 'enjoying or showing or marked by joy or pleasure', 'the (prehensile) extremity of the superior limb', 'a loud utterance; often in protest or opposition', 'that which is below standard or expectations as of ethics or decency']","Contract settlement and surplus property disposal.--The winding up of war
procurement is the second most important liquidation job.",8.705454545454550,"Expenditures for pay, subsistence, travel, and
miscellaneous expenses of the armed forces, excluding mustering-out pay,
are estimated at 5 billion dollars.","By the end of
November a total of 301,000 prime contracts involving commitments of 64
billion dollars had been terminated.","We have demonstrated it
in our relations with Indonesia, India, and with China.",3.72,We have demonstrated it in the Philippines.,"We hope to join in
restoring the people of Japan to membership in the community of free
nations."
James Madison,8.215852776864940,"['sagacity', 'indemnity', 'licentious', 'plenipotentiary', 'elucidation']","['the mental ability to understand and discriminate between relations', 'protection against future loss', 'lacking moral discipline; especially sexually unrestrained', 'a diplomat who is fully authorized to represent his or her government', 'an act of explaining that serves to clear up and cast light on']","['water', 'happy', 'hand', 'stop', 'fly']","['binary compound that occurs at room temperature as a clear colorless odorless tasteless liquid; freezes into ice below 0 degrees centigrade and boils above 100 degrees centigrade; widely used as a solvent', 'enjoying or showing or marked by joy or pleasure', 'the (prehensile) extremity of the superior limb', 'the event of something ending', 'two-winged insects characterized by active flight']","The face of our country ever presents evidence
of laudable enterprise, of extensive capital, and of durable improvement.",9.797777777777780,"The fruits of the seasons, though in particular articles
and districts short of their usual redundancy, are more than sufficient for
our wants and our comforts.","In a cultivation of the materials and the extension of useful manufactures,
more especially in the general application to household fabrics, we behold
a rapid diminution of our dependence on foreign supplies.","This is the case with a few
others, either not completed or in need of repairs.",5.15,"Those for the
security of the city of New York, though far advanced toward completion,
will require a further time and appropriation.","The improvements in quality and quantity made in the manufacture of cannon
and small arms, both at the public armories and private factories, warrant
additional confidence in the competency of these resources for supplying
the public exigencies."
John Tyler,7.9396802646086,"['condign', 'indemnity', 'debenture', 'aegis', 'exchequer']","['fitting or appropriate and deserved; used especially of punishment', 'protection against future loss', 'the ability of a customer to obtain goods or services before payment, based on the trust that payment will be made in the future', 'kindly endorsement and guidance', 'the funds of a government or institution or individual']","['water', 'happy', 'hand', 'bad', 'animal']","['binary compound that occurs at room temperature as a clear colorless odorless tasteless liquid; freezes into ice below 0 degrees centigrade and boils above 100 degrees centigrade; widely used as a solvent', 'enjoying or showing or marked by joy or pleasure', 'the (prehensile) extremity of the superior limb', 'that which is below standard or expectations as of ethics or decency', 'a living organism characterized by voluntary movement']","The subjects as now
arranged are incongruous, and require to a certain extent information and
qualifications altogether dissimilar.",10.284285714285700,"The present organization of
the Department imparts to its operations great efficiency, but I concur
fully in the propriety of a division of the Bureau of Construction,
Equipment, Increase, and Repairs into two bureaus.","The operations of the squadron on the coast of Africa have been conducted
with all due attention to the object which led to its origination, and I am
happy to say that the officers and crews have enjoyed the best possible
health under the system adopted by the officer in command.","Disturbances which
recently broke out are, however, now understood to be quieted.",5.11,"The Empire of Brazil has not been altogether exempt from those convulsions
which so constantly afflict the neighboring republics.","But these
occurrences, by threatening the stability of the governments, or by causing
incessant and violent changes in them or in the persons who administer
them, tend greatly to retard provisions for a just indemnity for losses and
injuries suffered by individual subjects or citizens of other states."
Woodrow Wilson,7.475044803695150,"['indemnity', 'naphtha', 'arbiter', 'jurisprudence', 'tenure']","['protection against future loss', 'any of various volatile flammable liquid hydrocarbon mixtures; used chiefly as solvents', 'someone with the power to settle matters at will', 'the branch of philosophy concerned with the law and the principles that lead courts to make the decisions they do', 'the term during which some position is held']","['water', 'wet', 'count', 'happy', 'hand']","['binary compound that occurs at room temperature as a clear colorless odorless tasteless liquid; freezes into ice below 0 degrees centigrade and boils above 100 degrees centigrade; widely used as a solvent', 'wetness caused by water', 'the total number counted', 'enjoying or showing or marked by joy or pleasure', 'the (prehensile) extremity of the superior limb']","It is
the embodiment, the effectual embodiment, of the spirit of law and
independence and liberty and mutual service.",9.832222222222220,It has none of the spirit of empire in it.,"A very notable body of men recently met in the City of Washington, at the
invitation and as the guests of this Government, whose deliberations are
likely to be looked back to as marking a memorable turning point in the
history of America.","Porto Rico, Hawaii, the
Philippines, are ours, indeed, but not ours to do what we please with.",3.6,Here we are trustees.,"Such
territories, once regarded as mere possessions, are no longer to be
selfishly exploited; they are part of the domain of public conscience and
of serviceable and enlightened statesmanship."
William Howard Taft,8.163257030739050,"['penury', 'indemnity', 'deleterious', 'amalgamation', 'recapitulate']","['a state of extreme poverty or destitution', 'protection against future loss', 'harmful to living things', 'the combination of two or more commercial companies', 'summarize briefly']","['water', 'count', 'happy', 'hand', 'cry']","['binary compound that occurs at room temperature as a clear colorless odorless tasteless liquid; freezes into ice below 0 degrees centigrade and boils above 100 degrees centigrade; widely used as a solvent', 'the total number counted', 'enjoying or showing or marked by joy or pleasure', 'the (prehensile) extremity of the superior limb', 'a loud utterance; often in protest or opposition']","A present declaration
even of future independence would retard progress by the dissension and
disorder it would arouse.",8.770909090909090,"We should do all
this with a disinterested endeavor to secure for the Filipinos economic
independence and to fit them for complete self-government, with the power
to decide eventually, according to their own largest good, whether such
self-government shall be accompanied by independence.","On our part it would be a disingenuous attempt,
under the guise of conferring a benefit on them, to relieve ourselves from
the heavy and difficult burden which thus far we have been bravely and
consistently sustaining.","This is about 18 months before the time promised by the
engineers.",5.16,"The very satisfactory progress made on the Panama Canal last year has
continued, and there is every reason to believe that the canal
will be completed as early as the 1st of July, 1913, unless something
unforeseen occurs.","We are now near enough the completion of the canal to make it imperatively
necessary that legislation should be enacted to fix the method by which the
canal shall be maintained and controlled and the zone governed."
James K. Polk,7.925329254225390,"['sagacity', 'indemnity', 'arbiter', 'adjudication', 'preponderance']","['the mental ability to understand and discriminate between relations', 'protection against future loss', 'someone with the power to settle matters at will', 'the final judgment in a legal proceeding; the act of pronouncing judgment based on the evidence presented', 'superiority in power or influence']","['water', 'mother', 'happy', 'hand', 'bad']","['binary compound that occurs at room temperature as a clear colorless odorless tasteless liquid; freezes into ice below 0 degrees centigrade and boils above 100 degrees centigrade; widely used as a solvent', 'a woman who has given birth to a child (also used as a term of address to your mother)', 'enjoying or showing or marked by joy or pleasure', 'the (prehensile) extremity of the superior limb', 'that which is below standard or expectations as of ethics or decency']","In their vigilant vindication collision and conflict with foreign powers
may sometimes become unavoidable.",9.248750000000000,"They admit of
no compromise or neglect, and must be scrupulously and constantly guarded.","Such has been our scrupulous adherence to
the dictates of justice in all our foreign intercourse that, though
steadily and rapidly advancing in prosperity and power, we have given no
just cause of complaint to any nation and have enjoyed the blessings of
peace for more than thirty years.","They were rejected, and,
negotiations being at an end, hostilities were renewed.",4.28,"These were the leading considerations which induced me to authorize the
terms of peace which were proposed to Mexico.","An assault was made
by our gallant Army upon the strongly fortified places near the gates of
the City of Mexico and upon the city itself, and after several days of
severe conflict the Mexican forces, vastly superior in number to our own,
were driven from the city, and it was occupied by our troops."
Franklin Pierce,8.225793952412430,"['sagacity', 'indemnity', 'contravene', 'aegis', 'inchoate']","['the mental ability to understand and discriminate between relations', 'protection against future loss', 'go against, as of rules and laws', 'kindly endorsement and guidance', 'only partly in existence; imperfectly formed']","['water', 'mother', 'happy', 'hand', 'cry']","['binary compound that occurs at room temperature as a clear colorless odorless tasteless liquid; freezes into ice below 0 degrees centigrade and boils above 100 degrees centigrade; widely used as a solvent', 'a woman who has given birth to a child (also used as a term of address to your mother)', 'enjoying or showing or marked by joy or pleasure', 'the (prehensile) extremity of the superior limb', 'a loud utterance; often in protest or opposition']","They would upon deliberation shrink with unaffected horror from any
conscious act of disunion or civil war.",8.926666666666670,"I confidently believe that the great body of those who inconsiderately took
this fatal step are sincerely attached to the Constitution and the Union.","But they have entered into a path
which leads nowhere unless it be to civil war and disunion, and which has
no other possible outlet.","Pursuant to that agreement, he has been
released, and is now in the United States.",8.16,"Under an arrangement between the agents of
the United States and of Austria, he was transferred to the custody of the
French consul-general at Smyrna, there to remain until he should be
disposed of by the mutual agreement of the consuls of the respective
Governments at that place.","The Emperor of Austria has made
the conduct of our officers who took part in this transaction a subject of
grave complaint."